<?xml version="1.0" encoding="ISO-8859-1"?>
<metadata>
	<idinfo>
		<citation>
			<citeinfo>
				<origin>National Atlas of the United States</origin>
				<pubdate>200603</pubdate>
				<title>Major Dams of the United States</title>
				<pubinfo>
					<pubplace>Reston, VA</pubplace>
					<publish>National Atlas of the United States</publish>
				</pubinfo>
				<onlink>&lt;http://nationalatlas.gov/atlasftp.html?openChapters=chpwater#chpwater&gt;</onlink>
				<ftname Sync="TRUE">Dams</ftname><geoform Sync="TRUE">vector digital data</geoform></citeinfo>
		</citation>
		<descript>
			<abstract>
This map layer portrays major dams of the United States, including Puerto
Rico and the U.S. Virgin Islands.  The map layer was created by extracting
dams 50 feet or more in height, or with a normal storage capacity of 5,000
acre-feet or more, or with a maximum storage capacity of 25,000 acre-feet
or more, from the 79,777 dams in the U.S. Army Corps of Engineers National
Inventory of Dams.  This is a replacement for the April 1994 map layer.
</abstract>
			<purpose>
These data are intended for geographic display and analysis at the
national level, and for large regional areas.  The data should be
displayed and analyzed at scales appropriate for 1:2,000,000-scale data.
No responsibility is assumed by the National Atlas of the United States in
the use of these data.
</purpose>
			<supplinf>
In the online National Atlas of the United States Map Maker, at scales
smaller than 1:4,850,000 the data is thinned for display purposes.  For
scales between 1: 4,850,000 and 1:22,000,000, dams are only shown if they
have a height of 500 feet or more, or a normal storage capacity of 50,000
acre-feet or more, or a maximum storage capacity of 250,000 acre-feet or
more (1280 dams).  At scales smaller than 1:22,000,000, dams are only
shown if they have a height of 5000 feet or more, or a normal storage
capacity of 500,000 acre-feet or more, or a maximum storage capacity of
2,500,000 acre-feet or more (290 dams).
</supplinf>
			<langdata Sync="TRUE">en</langdata></descript>
		<timeperd>
			<timeinfo>
				<rngdates>
					<begdate>200202</begdate>
					<enddate>200412</enddate>
				</rngdates>
			</timeinfo>
			<current>Dates of source material</current>
		</timeperd>
		<status>
			<progress>Complete</progress>
			<update>Irregular</update>
		</status>
		<spdom>
			<bounding>
				<westbc>-163</westbc>
				<eastbc>-66</eastbc>
				<northbc>69</northbc>
				<southbc>18</southbc>
			</bounding>
			<lboundng><leftbc Sync="TRUE">-1125639.465900</leftbc><rightbc Sync="TRUE">-235410.852800</rightbc><bottombc Sync="TRUE">-1261117.726000</bottombc><topbc Sync="TRUE">100912.801600</topbc></lboundng></spdom>
		<keywords>
			<theme>
				<themekt>ISO 19115 Topic Category</themekt>
				<themekey>Inland Waters</themekey>
			</theme>
			<theme>
				<themekt>None</themekt>
				<themekey>Hydrography</themekey>
				<themekey>Dams</themekey>
				<themekey>Dam safety</themekey>
				<themekey>Reservoirs</themekey>
				<themekey>Reservoir capacity</themekey>
				<themekey>Reservoir storage</themekey>
				<themekey>Surface water</themekey>
			</theme>
			<theme>
				<themekt>Tri-Service Spatial Data Standard</themekt>
				<themekey>Improvement</themekey>
			</theme>
			<place>
				<placekt>None</placekt>
				<placekey>USA</placekey>
				<placekey>Alaska</placekey>
				<placekey>Alabama</placekey>
				<placekey>Arkansas</placekey>
				<placekey>Arizona</placekey>
				<placekey>California</placekey>
				<placekey>Colorado</placekey>
				<placekey>Connecticut</placekey>
				<placekey>Delaware</placekey>
				<placekey>Florida</placekey>
				<placekey>Georgia</placekey>
				<placekey>Hawaii</placekey>
				<placekey>Idaho</placekey>
				<placekey>Iowa</placekey>
				<placekey>Illinois</placekey>
				<placekey>Indiana</placekey>
				<placekey>Kansas</placekey>
				<placekey>Kentucky</placekey>
				<placekey>Louisiana</placekey>
				<placekey>Maine</placekey>
				<placekey>Massachusetts</placekey>
				<placekey>Maryland</placekey>
				<placekey>Michigan</placekey>
				<placekey>Minnesota</placekey>
				<placekey>Missouri</placekey>
				<placekey>Mississippi</placekey>
				<placekey>Montana</placekey>
				<placekey>North Carolina</placekey>
				<placekey>North Dakota</placekey>
				<placekey>Nebraska</placekey>
				<placekey>New Hampshire</placekey>
				<placekey>New Jersey</placekey>
				<placekey>New Mexico</placekey>
				<placekey>Nevada</placekey>
				<placekey>New York</placekey>
				<placekey>Ohio</placekey>
				<placekey>Oklahoma</placekey>
				<placekey>Oregon</placekey>
				<placekey>Pennsylvania</placekey>
				<placekey>Rhode Island</placekey>
				<placekey>South Carolina</placekey>
				<placekey>South Dakota</placekey>
				<placekey>Tennessee</placekey>
				<placekey>Texas</placekey>
				<placekey>United States</placekey>
				<placekey>Utah</placekey>
				<placekey>Vermont</placekey>
				<placekey>Virginia</placekey>
				<placekey>Wisconsin</placekey>
				<placekey>Washington</placekey>
				<placekey>West Virginia</placekey>
				<placekey>Wyoming</placekey>
				<placekey>Puerto Rico</placekey>
				<placekey>Virgin Islands</placekey>
				<placekey>U.S. Virgin Islands</placekey>
			</place>
		</keywords>
		<accconst>None</accconst>
		<useconst>None.  Acknowledgment of the National Atlas of the United States of America
would be appreciated in products derived from these data.

The extent of the data has been reduced from national datasets to cover the Rio Grande Basin.  This data is provided as a part of the Rio Grande Data Project, a cooperative effort between the U.S. Geological Survey Texas Water Science Center (USGS TWSC) and the U.S. Army Corps of Engineers (USACE).  See the last added process steps for specific alterations.  The only items USGS TWSC added to the original metadata were a process step and this use constraint.</useconst>
		<ptcontac>
			<cntinfo>
				<cntperp>
					<cntper>Peg Rawson</cntper>
					<cntorg>National Atlas of the United States</cntorg>
				</cntperp>
				<cntaddr>
					<addrtype>Mailing address</addrtype>
					<address>12201 Sunrise Valley Drive</address>
					<address>MS-561</address>
					<city>Reston</city>
					<state>VA</state>
					<postal>20192</postal>
				</cntaddr>
				<cntvoice>703-648-4183</cntvoice>
				<cntemail>atlasmail@usgs.gov</cntemail>
			</cntinfo>
		</ptcontac>
		<native>ESRI shapefile format</native>
		<natvform Sync="TRUE">Shapefile</natvform></idinfo>
	<dataqual>
		<logic>None</logic>
		<complete>
This file contains those dams from the National Inventory of Dams with a
height of 50 feet or more, or with a normal storage capacity of 5000 acre-
feet or more, or with a maximum storage capacity of 25,000 acre-feet or
more.  Dams outside of the 50 States, Puerto Rico, and the U.S. Virgin
Islands are not included, nor are dams for which there is no positional
information in the National Inventory of Dams.
</complete>
		<lineage>
			<srcinfo>
				<srccite>
					<citeinfo>
						<origin>
U.S. Army Corps of Engineers in cooperation with FEMA's National Dam
Safety Program
</origin>
						<pubdate>20050209</pubdate>
						<title>National Inventory of Dams, Water Control Infrastructure</title>
						<pubinfo>
							<pubplace>Alexandria, VA</pubplace>
							<publish>U.S. Army Corps of Engineers</publish>
						</pubinfo>
						<onlink>&lt;http://crunch.tec.army.mil/nid/webpages/nid.cfm&gt;</onlink>
					</citeinfo>
				</srccite>
				<typesrc>Online</typesrc>
				<srctime>
					<timeinfo>
						<rngdates>
							<begdate>200202</begdate>
							<enddate>200412</enddate>
						</rngdates>
					</timeinfo>
					<srccurr>publication date</srccurr>
				</srctime>
				<srccitea>NID</srccitea>
				<srccontr>Spatial and attribute information</srccontr>
			</srcinfo>
			<srcinfo>
				<srccite>
					<citeinfo>
						<origin>National Atlas of the United States</origin>
						<pubdate>200506</pubdate>
						<title>County Boundaries of the United States, 2001</title>
						<pubinfo>
							<pubplace>Reston, VA</pubplace>
							<publish>National Atlas of the United States</publish>
						</pubinfo>
						<onlink>&lt;http://nationalatlas.gov/atlasftp.html?openChapters=chpbound#chpbound&gt;</onlink>
					</citeinfo>
				</srccite>
				<typesrc>Online</typesrc>
				<srctime>
					<timeinfo>
						<rngdates>
							<begdate>1972</begdate>
							<enddate>2001</enddate>
						</rngdates>
					</timeinfo>
					<srccurr>Ground condition</srccurr>
				</srctime>
				<srccitea>Atlas-Cnty</srccitea>
				<srccontr>Attribute information</srccontr>
			</srcinfo>
			<procstep>
				<procdesc>
The full National Inventory of Dams (NID) was downloaded from the NID
web site in shapefile format and loaded into ArcView.  Using an
ArcView query, major dams were selected and placed in a new shapefile.
Major dams were defined as dams with a height of 50 feet or more, or
with a normal storage capacity of 5,000 acre-feet or more, or with a
maximum storage capacity of 25,000 acre-feet or more.  (The
International Committee on Large Dams considers dams over 50 feet to be
large dams.  The USGS Water Resources Division considers large
reservoirs to be those with a normal storage capacity of 5,000 acre-feet
or more, or with a maximum storage capacity of 25,000 acre-feet or
more.)

One dam in Guam and one dam in the Trust Territories were deleted.
Eighty-nine dams without valid latitude/longitude coordinates were also
deleted.

Because the text fields contained entries in a mix of formats, some in
all capitals and some in capitals and lower-case, all text entries were
changed to all capitals.

Some dams were missing county attribute values.  The appropriate values
were determined by comparing the dam locations to the Atlas-Cnty file.
One dam was deleted because it was described as being in Maryland but
had coordinates that placed it in Virginia.

Invalid values for owner type (197 records), dam type (10 records), and
year completed (3 records) were changed to blanks to indicate that the
values are unknown.  The attribute Purposes contained some invalid
codes; these were removed but valid codes and duplicate codes were
retained.  Thirty-nine records contained a value of -9.9 for Nid_height.
The appropriate value for each record was determined by looking at the
dam height, structural height, and hydraulic height values in the source
data.  One invalid value for hazard was changed to U to indicate that
the hazard potential is unknown.

The shape file was converted to an ArcInfo coverage and then converted
to NAD 83 for display purposes.  The result was then converted back to
shapefile format.
</procdesc>
				<srcused>NID05</srcused>
				<srcused>Atlas-Cnty</srcused>
				<procdate>200512</procdate>
			</procstep>
			<procstep>
				<procdesc>
An attribute was added to the shapefile to allow for symbolization in the
National Atlas Map Maker.
</procdesc>
				<procdate>20060320</procdate>
			</procstep>
			<procstep><procdesc>All dams that intersect the Rio Grande basin were selected out of the national dataset and imported into a geodatabase for continuous coverage of the Rio Grande basin.

</procdesc><procdate>200812</procdate><proccont><cntinfo><cntperp><cntper>Sophia Hurtado</cntper><cntorg>USGS Texas Water Science Center</cntorg></cntperp><cntpos>Geographer</cntpos><cntemail>slhurtad@usgs.gov</cntemail></cntinfo></proccont></procstep></lineage>
	</dataqual>
	<spdoinfo>
		<indspref>
U.S. Department of Commerce, 1987, Codes for the Identification of the
States, the District of Columbia and the Outlying Areas of the United
States, and Associated Areas (FIPS 5-2): Washington, DC, National Institute
of Standards and Technology.

U.S. Department of Commerce, 1990, Counties and Equivalent Entities of the
United States, Its Possessions, and Associated Areas (FIPS 6-4): Washington,
DC, National Institute of Standards and Technology.
</indspref>
		<direct>Point</direct>
		<ptvctinf>
			<sdtsterm Name="Dams">
				<sdtstype>Point</sdtstype>
				<ptvctcnt>8121</ptvctcnt>
			</sdtsterm>
			<esriterm Name="Dams"><efeatyp Sync="TRUE">Simple</efeatyp><efeageom Sync="TRUE">Point</efeageom><esritopo Sync="TRUE">FALSE</esritopo><efeacnt Sync="TRUE">0</efeacnt><spindex Sync="TRUE">FALSE</spindex><linrefer Sync="TRUE">FALSE</linrefer></esriterm></ptvctinf>
	</spdoinfo>
	<spref>
		<horizsys>
			<geodetic>
				<horizdn>North American Datum of 1983</horizdn>
				<ellips>GRS1980</ellips>
				<semiaxis>6378137</semiaxis>
				<denflat>298.257222</denflat>
			</geodetic>
			<cordsysn><geogcsn Sync="TRUE">GCS_North_American_1983</geogcsn><projcsn Sync="TRUE">USA_Contiguous_Albers_Equal_Area_Conic</projcsn></cordsysn><planar><planci><plance Sync="TRUE">coordinate pair</plance><plandu Sync="TRUE">meters</plandu><coordrep><absres Sync="TRUE">0.000000</absres><ordres Sync="TRUE">0.000000</ordres></coordrep></planci><mapproj><mapprojn Sync="TRUE">Albers Conical Equal Area</mapprojn><albers><stdparll Sync="TRUE">29.500000</stdparll><stdparll Sync="TRUE">45.500000</stdparll><longcm Sync="TRUE">-96.000000</longcm><latprjo Sync="TRUE">37.500000</latprjo><feast Sync="TRUE">0.000000</feast><fnorth Sync="TRUE">0.000000</fnorth></albers></mapproj></planar></horizsys>
		<vertdef><altsys><altenc Sync="TRUE">Explicit elevation coordinate included with horizontal coordinates</altenc><altres Sync="TRUE">0.000100</altres></altsys></vertdef></spref>
	<eainfo>
		<detailed Name="Dams">
			<enttyp>
				<enttypl>Dam</enttypl>
				<enttypd>
Any artificial barrier, including appurtenant works, which impounds or
diverts water, and which (1) is twenty-five feet or more in height from
the natural bed of the stream or watercourse measured at the downstream
toe of the barrier, or from the lowest elevation of the outside limit of
the barrier, if it is not across a stream channel or watercourse, to the
maximum water storage elevation or (2) has an impounding capacity at
maximum water storage elevation of fifty acre-feet or more.  This Act
does not apply to any such barrier which is not in excess of six feet in
height, regardless of storage capacity or which has a storage capacity
at maximum water storage elevation not in excess of fifteen acre-feet,
regardless of height, unless such barrier, due to its location or other
physical characteristic, is likely to pose a significant threat to human
life or property in the event of its failure.
</enttypd>
				<enttypds>
Dam Safety Act of 1972 (P.L. 92-367) and Dam Safety Act of 1986 (P.L.
99-662)
</enttypds>
				<enttypt Sync="TRUE">Feature Class</enttypt><enttypc Sync="TRUE">0</enttypc></enttyp>
			<attr><attrlabl Sync="TRUE">FID</attrlabl><attalias Sync="TRUE">FID</attalias><attrtype Sync="TRUE">OID</attrtype><attwidth Sync="TRUE">4</attwidth><atprecis Sync="TRUE">0</atprecis><attscale Sync="TRUE">0</attscale><attrdef Sync="TRUE">Internal feature number.</attrdef><attrdefs Sync="TRUE">ESRI</attrdefs><attrdomv><udom Sync="TRUE">Sequential unique whole numbers that are automatically generated.</udom></attrdomv></attr><attr>
				<attrlabl>Shape</attrlabl>
				<attrdef>The representation of the entity in the data.</attrdef>
				<attrdefs>National Atlas of the United States</attrdefs>
				<attrdomv>
					<edom>
						<edomv>Point</edomv>
						<edomvd>0-dimensional element</edomvd>
						<edomvds>ESRI GIS software</edomvds>
					</edom>
					<udom Sync="TRUE">Coordinates defining the features.</udom></attrdomv>
				<attalias Sync="TRUE">Shape</attalias><attrtype Sync="TRUE">Geometry</attrtype><attwidth Sync="TRUE">0</attwidth><atprecis Sync="TRUE">0</atprecis><attscale Sync="TRUE">0</attscale></attr>
			<attr>
				<attrlabl>Dam_name</attrlabl>
				<attrdef>
The official name of the dam.  For dams that do not have an official
name, the popular name is used.
</attrdef>
				<attrdefs>U.S. Army Corps of Engineers</attrdefs>
				<attrdomv>
					<udom>
There is no predefined set of valid dam names.  The attribute contains
the official name of the dam, or the popular name if there is no
official name.
</udom>
				</attrdomv>
				<attrdomv>
					<edom>
						<edomv>&lt;blank&gt;</edomv>
						<edomvd>
The name of the dam is not provided in the National Inventory of
Dams.
</edomvd>
						<edomvds>National Atlas of the United States</edomvds>
					</edom>
				</attrdomv>
				<attalias Sync="TRUE">DAM_NAME</attalias><attrtype Sync="TRUE">String</attrtype><attwidth Sync="TRUE">65</attwidth><atprecis Sync="TRUE">0</atprecis><attscale Sync="TRUE">0</attscale></attr>
			<attr>
				<attrlabl>Other_name</attrlabl>
				<attrdef>
The reservoir name or names in common use other than the official name
of the dam.  Names are separated with semicolons.
</attrdef>
				<attrdefs>U.S. Army Corps of Engineers</attrdefs>
				<attrdomv>
					<udom>There is no predefined set of reservoir or common use names.</udom>
				</attrdomv>
				<attrdomv>
					<edom>
						<edomv>&lt;blank&gt;</edomv>
						<edomvd>
There are no other names for the dam, or the other names are
unknown.
</edomvd>
						<edomvds>National Atlas of the United States</edomvds>
					</edom>
				</attrdomv>
				<attalias Sync="TRUE">OTHER_NAME</attalias><attrtype Sync="TRUE">String</attrtype><attwidth Sync="TRUE">65</attwidth><atprecis Sync="TRUE">0</atprecis><attscale Sync="TRUE">0</attscale></attr>
			<attr>
				<attrlabl>Nidid</attrlabl>
				<attrdef>
The official National Inventory of Dams identification number for the
dam, known formerly as the National Id.  The first two characters of the
identity are the State two letter abbreviation, based on the location of
the dam.  The last five characters of the identity are a unique number
(AB#####).
</attrdef>
				<attrdefs>U.S. Army Corps of Engineers</attrdefs>
				<attrdomv>
					<rdom>
						<rdommin>AK00001</rdommin>
						<rdommax>WY83004</rdommax>
					</rdom>
				</attrdomv>
				<attalias Sync="TRUE">NIDID</attalias><attrtype Sync="TRUE">String</attrtype><attwidth Sync="TRUE">7</attwidth><atprecis Sync="TRUE">0</atprecis><attscale Sync="TRUE">0</attscale></attr>
			<attr>
				<attrlabl>Longitude</attrlabl>
				<attrdef>Dam longitude as a single value, in decimal degrees.</attrdef>
				<attrdefs>U.S. Army Corps of Engineers</attrdefs>
				<attrdomv>
					<rdom>
						<rdommin>-162.87781</rdommin>
						<rdommax>-66.015000</rdommax>
					</rdom>
				</attrdomv>
				<attalias Sync="TRUE">LONGITUDE</attalias><attrtype Sync="TRUE">Double</attrtype><attwidth Sync="TRUE">19</attwidth><atprecis Sync="TRUE">0</atprecis><attscale Sync="TRUE">0</attscale></attr>
			<attr>
				<attrlabl>Latitude</attrlabl>
				<attrdef>Dam latitude as a single value, in decimal degrees.</attrdef>
				<attrdefs>U.S. Army Corps of Engineers</attrdefs>
				<attrdomv>
					<rdom>
						<rdommin>18.017300</rdommin>
						<rdommax>68.069400</rdommax>
					</rdom>
				</attrdomv>
				<attalias Sync="TRUE">LATITUDE</attalias><attrtype Sync="TRUE">Double</attrtype><attwidth Sync="TRUE">19</attwidth><atprecis Sync="TRUE">0</atprecis><attscale Sync="TRUE">0</attscale></attr>
			<attr>
				<attrlabl>County</attrlabl>
				<attrdef>
The name of the county in which the dam is located.  If the dam falls in
more than one county, the names may be separated by a slash, a comma, or
a semicolon.
</attrdef>
				<attrdefs>National Atlas of the United States</attrdefs>
				<attrdomv>
					<edom>
						<edomv>&lt;blank&gt;</edomv>
						<edomvd>
The name of the county is not provided in the National Inventory of
Dams.
</edomvd>
						<edomvds>National Atlas of the United States</edomvds>
					</edom>
				</attrdomv>
				<attrdomv>
					<codesetd>
						<codesetn>
Counties and Equivalent Areas of the United States, Its Possessions,
and Associated Areas, FIPS PUB 6-4.
</codesetn>
						<codesets>U.S. Department of Commerce</codesets>
					</codesetd>
				</attrdomv>
				<attalias Sync="TRUE">COUNTY</attalias><attrtype Sync="TRUE">String</attrtype><attwidth Sync="TRUE">65</attwidth><atprecis Sync="TRUE">0</atprecis><attscale Sync="TRUE">0</attscale></attr>
			<attr>
				<attrlabl>River</attrlabl>
				<attrdef>
The official name of the river or stream on which the dam is built.  If
the stream is unnamed, it is identified as a tributary ("TR") to a named
river.  If the dam is located offstream, the name of the river or stream
is entered plus "-OS" or "OFFSTREAM".
</attrdef>
				<attrdefs>U.S. Army Corps of Engineers</attrdefs>
				<attrdomv>
					<edom>
						<edomv>&lt;blank&gt;</edomv>
						<edomvd>
The name of the river is not provided in the National Inventory of
Dams.
</edomvd>
						<edomvds>National Atlas of the United States</edomvds>
					</edom>
				</attrdomv>
				<attrdomv>
					<udom>There is no predefined set of valid river or stream names.</udom>
				</attrdomv>
				<attalias Sync="TRUE">RIVER</attalias><attrtype Sync="TRUE">String</attrtype><attwidth Sync="TRUE">65</attwidth><atprecis Sync="TRUE">0</atprecis><attscale Sync="TRUE">0</attscale></attr>
			<attr>
				<attrlabl>City</attrlabl>
				<attrdef>
The name of the nearest city, town, or village that is most likely to be
affected by floods resulting from the failure of the dam.
</attrdef>
				<attrdefs>U.S. Army Corps of Engineers</attrdefs>
				<attrdomv>
					<edom>
						<edomv>&lt;blank&gt;</edomv>
						<edomvd>
The name of the city is not provided in the National Inventory of
Dams.
</edomvd>
						<edomvds>National Atlas of the United States</edomvds>
					</edom>
				</attrdomv>
				<attrdomv>
					<udom>There is no predefined set of valid city names.</udom>
				</attrdomv>
				<attalias Sync="TRUE">CITY</attalias><attrtype Sync="TRUE">String</attrtype><attwidth Sync="TRUE">65</attwidth><atprecis Sync="TRUE">0</atprecis><attscale Sync="TRUE">0</attscale></attr>
			<attr>
				<attrlabl>Own_name</attrlabl>
				<attrdef>The name of the owner of the dam.</attrdef>
				<attrdefs>U.S. Army Corps of Engineers</attrdefs>
				<attrdomv>
					<edom>
						<edomv>&lt;blank&gt;</edomv>
						<edomvd>
The name of the owner is not provided in the National Inventory of
Dams.
</edomvd>
						<edomvds>National Atlas of the United States</edomvds>
					</edom>
				</attrdomv>
				<attrdomv>
					<udom>There is no predefined set of valid owner names.</udom>
				</attrdomv>
				<attalias Sync="TRUE">OWN_NAME</attalias><attrtype Sync="TRUE">String</attrtype><attwidth Sync="TRUE">65</attwidth><atprecis Sync="TRUE">0</atprecis><attscale Sync="TRUE">0</attscale></attr>
			<attr>
				<attrlabl>Own_type</attrlabl>
				<attrdef>A term indicating owner type.</attrdef>
				<attrdefs>U.S. Army Corps of Engineers</attrdefs>
				<attrdomv>
					<edom>
						<edomv>&lt;blank&gt;</edomv>
						<edomvd>The owner type is unknown.</edomvd>
						<edomvds>National Atlas of the United States</edomvds>
					</edom>
				</attrdomv>
				<attrdomv>
					<edom>
						<edomv>F</edomv>
						<edomvd>The dam is owned by a Federal agency.</edomvd>
						<edomvds>U.S. Army Corps of Engineers</edomvds>
					</edom>
				</attrdomv>
				<attrdomv>
					<edom>
						<edomv>L</edomv>
						<edomvd>
The dam is owned by a County, City, Regional, or other similar local
government or government agency.
</edomvd>
						<edomvds>U.S. Army Corps of Engineers</edomvds>
					</edom>
				</attrdomv>
				<attrdomv>
					<edom>
						<edomv>P</edomv>
						<edomvd>
The dam is owned by an individual or individuals, or by a private
company.
</edomvd>
						<edomvds>U.S. Army Corps of Engineers</edomvds>
					</edom>
				</attrdomv>
				<attrdomv>
					<edom>
						<edomv>S</edomv>
						<edomvd>The dam is owned by a State or by a State agency.</edomvd>
						<edomvds>U.S. Army Corps of Engineers</edomvds>
					</edom>
				</attrdomv>
				<attrdomv>
					<edom>
						<edomv>U</edomv>
						<edomvd>The dam is owned by a public utility.</edomvd>
						<edomvds>U.S. Army Corps of Engineers</edomvds>
					</edom>
				</attrdomv>
				<attalias Sync="TRUE">OWN_TYPE</attalias><attrtype Sync="TRUE">String</attrtype><attwidth Sync="TRUE">10</attwidth><atprecis Sync="TRUE">0</atprecis><attscale Sync="TRUE">0</attscale></attr>
			<attr>
				<attrlabl>Dam_type</attrlabl>
				<attrdef>
A code or codes indicating the dam type, in order of importance.  Codes
are concatenated if the dam is a combination of several types.  For
example, CNCB would indicate a concrete buttress type dam.
</attrdef>
				<attrdefs>U.S. Army Corps of Engineers</attrdefs>
				<attrdomv>
					<edom>
						<edomv>&lt;blank&gt;</edomv>
						<edomvd>The dam type is unknown.</edomvd>
						<edomvds>National Atlas of the United States</edomvds>
					</edom>
				</attrdomv>
				<attrdomv>
					<edom>
						<edomv>CB</edomv>
						<edomvd>Buttress</edomvd>
						<edomvds>U.S. Army Corps of Engineers</edomvds>
					</edom>
				</attrdomv>
				<attrdomv>
					<edom>
						<edomv>CN</edomv>
						<edomvd>Concrete</edomvd>
						<edomvds>U.S. Army Corps of Engineers</edomvds>
					</edom>
				</attrdomv>
				<attrdomv>
					<edom>
						<edomv>ER</edomv>
						<edomvd>Rockfill</edomvd>
						<edomvds>U.S. Army Corps of Engineers</edomvds>
					</edom>
				</attrdomv>
				<attrdomv>
					<edom>
						<edomv>MS</edomv>
						<edomvd>Masonry</edomvd>
						<edomvds>U.S. Army Corps of Engineers</edomvds>
					</edom>
				</attrdomv>
				<attrdomv>
					<edom>
						<edomv>MV (or MultiArch)</edomv>
						<edomvd>Multi-arch</edomvd>
						<edomvds>U.S. Army Corps of Engineers</edomvds>
					</edom>
				</attrdomv>
				<attrdomv>
					<edom>
						<edomv>OT</edomv>
						<edomvd>Other</edomvd>
						<edomvds>U.S. Army Corps of Engineers</edomvds>
					</edom>
				</attrdomv>
				<attrdomv>
					<edom>
						<edomv>PG</edomv>
						<edomvd>Gravity</edomvd>
						<edomvds>U.S. Army Corps of Engineers</edomvds>
					</edom>
				</attrdomv>
				<attrdomv>
					<edom>
						<edomv>RE</edomv>
						<edomvd>Earth</edomvd>
						<edomvds>U.S. Army Corps of Engineers</edomvds>
					</edom>
				</attrdomv>
				<attrdomv>
					<edom>
						<edomv>ST</edomv>
						<edomvd>Stone</edomvd>
						<edomvds>U.S. Army Corps of Engineers</edomvds>
					</edom>
				</attrdomv>
				<attrdomv>
					<edom>
						<edomv>TC</edomv>
						<edomvd>Timber crib</edomvd>
						<edomvds>U.S. Army Corps of Engineers</edomvds>
					</edom>
				</attrdomv>
				<attrdomv>
					<edom>
						<edomv>VA</edomv>
						<edomvd>Arch</edomvd>
						<edomvds>U.S. Army Corps of Engineers</edomvds>
					</edom>
				</attrdomv>
				<attalias Sync="TRUE">DAM_TYPE</attalias><attrtype Sync="TRUE">String</attrtype><attwidth Sync="TRUE">10</attwidth><atprecis Sync="TRUE">0</atprecis><attscale Sync="TRUE">0</attscale></attr>
			<attr>
				<attrlabl>Purposes</attrlabl>
				<attrdef>
A code or codes indicating the purposes for which reservoir is used, in
order of importance.  The codes are concatenated if the dam has multiple
purposes.  For example, SCR would indicate the primary purposes of Water
Supply and Flood Control and Storm Water Management, followed by
Recreation.  The data may contain words or abbreviations that were used
instead of the appropriate codes; these have been retained.
</attrdef>
				<attrdefs>U.S. Army Corps of Engineers</attrdefs>
				<attrdomv>
					<edom>
						<edomv>&lt;blank&gt;</edomv>
						<edomvd>
The purpose of the dam is not provided in the National Inventory of
Dams.
</edomvd>
						<edomvds>National Atlas of the United States</edomvds>
					</edom>
				</attrdomv>
				<attrdomv>
					<edom>
						<edomv>C</edomv>
						<edomvd>Flood control and storm water management</edomvd>
						<edomvds>U.S. Army Corps of Engineers</edomvds>
					</edom>
				</attrdomv>
				<attrdomv>
					<edom>
						<edomv>D</edomv>
						<edomvd>Debris control</edomvd>
						<edomvds>U.S. Army Corps of Engineers</edomvds>
					</edom>
				</attrdomv>
				<attrdomv>
					<edom>
						<edomv>F</edomv>
						<edomvd>Fish and wildlife pond</edomvd>
						<edomvds>U.S. Army Corps of Engineers</edomvds>
					</edom>
				</attrdomv>
				<attrdomv>
					<edom>
						<edomv>H</edomv>
						<edomvd>Hydroelectric</edomvd>
						<edomvds>U.S. Army Corps of Engineers</edomvds>
					</edom>
				</attrdomv>
				<attrdomv>
					<edom>
						<edomv>I</edomv>
						<edomvd>Irrigation</edomvd>
						<edomvds>U.S. Army Corps of Engineers</edomvds>
					</edom>
				</attrdomv>
				<attrdomv>
					<edom>
						<edomv>N</edomv>
						<edomvd>Navigation</edomvd>
						<edomvds>U.S. Army Corps of Engineers</edomvds>
					</edom>
				</attrdomv>
				<attrdomv>
					<edom>
						<edomv>O</edomv>
						<edomvd>Other</edomvd>
						<edomvds>U.S. Army Corps of Engineers</edomvds>
					</edom>
				</attrdomv>
				<attrdomv>
					<edom>
						<edomv>P</edomv>
						<edomvd>Fire protection, stock, or small farm pond</edomvd>
						<edomvds>U.S. Army Corps of Engineers</edomvds>
					</edom>
				</attrdomv>
				<attrdomv>
					<edom>
						<edomv>R</edomv>
						<edomvd>Recreation</edomvd>
						<edomvds>U.S. Army Corps of Engineers</edomvds>
					</edom>
				</attrdomv>
				<attrdomv>
					<edom>
						<edomv>S</edomv>
						<edomvd>Water supply</edomvd>
						<edomvds>U.S. Army Corps of Engineers</edomvds>
					</edom>
				</attrdomv>
				<attrdomv>
					<edom>
						<edomv>T</edomv>
						<edomvd>Tailings</edomvd>
						<edomvds>U.S. Army Corps of Engineers</edomvds>
					</edom>
				</attrdomv>
				<attalias Sync="TRUE">PURPOSES</attalias><attrtype Sync="TRUE">String</attrtype><attwidth Sync="TRUE">254</attwidth><atprecis Sync="TRUE">0</atprecis><attscale Sync="TRUE">0</attscale></attr>
			<attr>
				<attrlabl>Yr_compl</attrlabl>
				<attrdef>
The year when the main dam structure was completed.  A value of 0
indicates that the year is unknown.
</attrdef>
				<attrdefs>U.S. Army Corps of Engineers</attrdefs>
				<attrdomv>
					<rdom>
						<rdommin>1800</rdommin>
						<rdommax>2003</rdommax>
					</rdom>
				</attrdomv>
				<attalias Sync="TRUE">YR_COMPL</attalias><attrtype Sync="TRUE">String</attrtype><attwidth Sync="TRUE">10</attwidth><atprecis Sync="TRUE">0</atprecis><attscale Sync="TRUE">0</attscale></attr>
			<attr>
				<attrlabl>Nid_height</attrlabl>
				<attrdef>
The maximum of either the dam height (the vertical distance between the
lowest point on the crest of the dam and the lowest point in the
original streambed), the hydraulic height (the vertical distance between
the maximum designed water level and the lowest point in the original
streambed), or the structural height (the vertical distance between the
lowest point of the excavated foundation and the top of the dam) of the
dam.  The height is given in feet, to the nearest foot.
</attrdef>
				<attrdefs>National Atlas of the United States</attrdefs>
				<attrdomv>
					<edom>
						<edomv>0.00000000000</edomv>
						<edomvd>The height is unknown.</edomvd>
						<edomvds>National Atlas of the United States</edomvds>
					</edom>
				</attrdomv>
				<attrdomv>
					<rdom>
						<rdommin>3.000000000000</rdommin>
						<rdommax>770.00000000000</rdommax>
					</rdom>
				</attrdomv>
				<attalias Sync="TRUE">NID_HEIGHT</attalias><attrtype Sync="TRUE">Double</attrtype><attwidth Sync="TRUE">19</attwidth><atprecis Sync="TRUE">0</atprecis><attscale Sync="TRUE">0</attscale></attr>
			<attr>
				<attrlabl>Max_stor</attrlabl>
				<attrdef>
The maximum storage in acre-feet.  Maximum storage is the total storage
space in a reservoir below the maximum attainable water surface
elevation, including any surcharge storage.
</attrdef>
				<attrdefs>U.S. Army Corps of Engineers</attrdefs>
				<attrdomv>
					<edom>
						<edomv>0.00000000000</edomv>
						<edomvd>The maximum storage is unknown.</edomvd>
						<edomvds>National Atlas of the United States</edomvds>
					</edom>
				</attrdomv>
				<attrdomv>
					<rdom>
						<rdommin>1.00000000000</rdommin>
						<rdommax>9700000000.00000000</rdommax>
					</rdom>
				</attrdomv>
				<attalias Sync="TRUE">MAX_STOR</attalias><attrtype Sync="TRUE">Double</attrtype><attwidth Sync="TRUE">19</attwidth><atprecis Sync="TRUE">0</atprecis><attscale Sync="TRUE">0</attscale></attr>
			<attr>
				<attrlabl>Normal_sto</attrlabl>
				<attrdef>
The normal storage in acre-feet.  Normal storage is the total storage
space in a reservoir below the normal retention level, including dead
and inactive storage and excluding any flood control surcharge storage.
A value of 0 may indicate that the normal storage is unknown or may
indicate that the dam is normally dry.
</attrdef>
				<attrdefs>U.S. Army Corps of Engineers</attrdefs>
				<attrdomv>
					<rdom>
						<rdommin>0.00000000000</rdommin>
						<rdommax>9700000000.00000000</rdommax>
					</rdom>
				</attrdomv>
				<attalias Sync="TRUE">NORMAL_STO</attalias><attrtype Sync="TRUE">Double</attrtype><attwidth Sync="TRUE">19</attwidth><atprecis Sync="TRUE">0</atprecis><attscale Sync="TRUE">0</attscale></attr>
			<attr>
				<attrlabl>Surf_area</attrlabl>
				<attrdef>
The surface area, in acres, of the impoundment at its normal retention
level.
</attrdef>
				<attrdefs>U.S. Army Corps of Engineers</attrdefs>
				<attrdomv>
					<edom>
						<edomv>0.00000000000</edomv>
						<edomvd>The surface area is unknown.</edomvd>
						<edomvds>National Atlas of the United States</edomvds>
					</edom>
				</attrdomv>
				<attrdomv>
					<rdom>
						<rdommin>0.01000000000</rdommin>
						<rdommax>20358400.0000000000</rdommax>
					</rdom>
				</attrdomv>
				<attalias Sync="TRUE">SURF_AREA</attalias><attrtype Sync="TRUE">Double</attrtype><attwidth Sync="TRUE">19</attwidth><atprecis Sync="TRUE">0</atprecis><attscale Sync="TRUE">0</attscale></attr>
			<attr>
				<attrlabl>Drain_area</attrlabl>
				<attrdef>
The drainage area of the dam in square miles.  It is defined as the area
that drains to a particular point (in this case, the dam) on a river or
stream.
</attrdef>
				<attrdefs>U.S. Army Corps of Engineers</attrdefs>
				<attrdomv>
					<edom>
						<edomv>0.00000000000</edomv>
						<edomvd>The drainage area is unknown.</edomvd>
						<edomvds>National Atlas of the United States</edomvds>
					</edom>
				</attrdomv>
				<attrdomv>
					<rdom>
						<rdommin>0.00156250000</rdommin>
						<rdommax>1250000.00000000000</rdommax>
					</rdom>
				</attrdomv>
				<attalias Sync="TRUE">DRAIN_AREA</attalias><attrtype Sync="TRUE">Double</attrtype><attwidth Sync="TRUE">19</attwidth><atprecis Sync="TRUE">0</atprecis><attscale Sync="TRUE">0</attscale></attr>
			<attr>
				<attrlabl>Hazard</attrlabl>
				<attrdef>
A term indicating the potential hazard to the downstream area resulting
from failure or mis-operation of the dam or facilities.
</attrdef>
				<attrdefs>U.S. Army Corps of Engineers</attrdefs>
				<attrdomv>
					<edom>
						<edomv>L</edomv>
						<edomvd>
The potential hazard is low.  A dam where failure or misoperation
results in no probable loss of human life and low economic and/or
environmental loss.  Losses are principally limited to the owner's
property.
</edomvd>
						<edomvds>U.S. Army Corps of Engineers</edomvds>
					</edom>
				</attrdomv>
				<attrdomv>
					<edom>
						<edomv>S</edomv>
						<edomvd>
The potential hazard is significant.  A dam where failure or
misoperation results in no probable loss of human life but can cause
economic loss, environmental damage, disruption of lifeline
facilities, or impact other concerns.  These dams are often located
in predominantly rural or agricultural areas but could be located in
areas with population and significant infrastructure.
</edomvd>
						<edomvds>U.S. Army Corps of Engineers</edomvds>
					</edom>
				</attrdomv>
				<attrdomv>
					<edom>
						<edomv>H</edomv>
						<edomvd>
The potential hazard is high.  A dam where failure or misoperation
will probably cause loss of human life.
</edomvd>
						<edomvds>U.S. Army Corps of Engineers</edomvds>
					</edom>
				</attrdomv>
				<attrdomv>
					<edom>
						<edomv>U</edomv>
						<edomvd>The potential hazard is unknown.</edomvd>
						<edomvds>U.S. Army Corps of Engineers</edomvds>
					</edom>
				</attrdomv>
				<attalias Sync="TRUE">HAZARD</attalias><attrtype Sync="TRUE">String</attrtype><attwidth Sync="TRUE">10</attwidth><atprecis Sync="TRUE">0</atprecis><attscale Sync="TRUE">0</attscale></attr>
			<attr>
				<attrlabl>State</attrlabl>
				<attrdef>The two letter abbreviation for the State in which the dam is located.</attrdef>
				<attrdefs>U.S. Army Corps of Engineers</attrdefs>
				<attrdomv>
					<codesetd>
						<codesetn>
Codes for the Identification of the States, the District of Columbia
and the Outlying Areas of the United States, and Associated Areas,
FIPS PUB 5-2.
</codesetn>
						<codesets>U.S. Department of Commerce</codesets>
					</codesetd>
				</attrdomv>
				<attalias Sync="TRUE">STATE</attalias><attrtype Sync="TRUE">String</attrtype><attwidth Sync="TRUE">10</attwidth><atprecis Sync="TRUE">0</atprecis><attscale Sync="TRUE">0</attscale></attr>
		</detailed>
	</eainfo>
	<distinfo>
		<distrib>
			<cntinfo>
				<cntorgp>
					<cntorg>Earth Science Information Center, U.S. Geological Survey</cntorg>
				</cntorgp>
				<cntaddr>
					<addrtype>Mailing address</addrtype>
					<address>507 National Center</address>
					<city>Reston</city>
					<state>VA</state>
					<postal>20192</postal>
				</cntaddr>
				<cntvoice>1-888-ASK-USGS (1-888-275-8747)</cntvoice>
				<cntvoice>703-648-5920</cntvoice>
				<cntinst>
In addition to the address above there are other ESIC offices throughout
the country.  A full list of these offices is at
&lt;http://ask.usgs.gov/esic_index.html&gt;.
</cntinst>
			</cntinfo>
		</distrib>
		<distliab>
Although these data have been processed successfully on a computer system at
the U.S. Geological Survey, no warranty expressed or implied is made by the
U.S. Geological Survey regarding the utility of the data on any other
system, nor shall the act of distribution constitute any such warranty.  No
responsibility is assumed by the U.S. Geological Survey in the use of these
data.
</distliab>
		<stdorder>
			<digform>
				<digtinfo>
					<formname>ESRI Shapefile</formname>
					<transize Sync="TRUE">0.000</transize><dssize Sync="TRUE">0.000</dssize></digtinfo>
				<digtopt>
					<onlinopt>
						<computer>
							<networka>
								<networkr>&lt;http://nationalatlas.gov/atlasftp.html?openChapters=chpwater#chpwater&gt;</networkr>
							</networka>
						</computer>
					</onlinopt>
				</digtopt>
			</digform>
			<digform>
				<digtinfo>
					<formname>SDTS</formname>
					<transize Sync="TRUE">0.000</transize><dssize Sync="TRUE">0.000</dssize></digtinfo>
				<digtopt>
					<onlinopt>
						<computer>
							<networka>
								<networkr>&lt;http://nationalatlas.gov/atlasftp.html?openChapters=chpwater#chpwater&gt;</networkr>
							</networka>
						</computer>
					</onlinopt>
				</digtopt>
			</digform>
			<fees>
There is no charge for the map layer.
</fees>
		</stdorder>
		<resdesc Sync="TRUE">Downloadable Data</resdesc></distinfo>
	<metainfo>
		<metd>20060321</metd>
		<metc>
			<cntinfo>
				<cntperp>
					<cntper>Peg Rawson</cntper>
					<cntorg>National Atlas of the United States</cntorg>
				</cntperp>
				<cntaddr>
					<addrtype>Mailing address</addrtype>
					<address>12201 Sunrise Valley Drive</address>
					<address>MS-561</address>
					<city>Reston</city>
					<state>VA</state>
					<postal>20192</postal>
				</cntaddr>
				<cntvoice>703-648-4183</cntvoice>
				<cntemail>atlasmail@usgs.gov</cntemail>
			</cntinfo>
		</metc>
		<metstdn>FGDC Content Standards for Digital Geospatial Metadata</metstdn>
		<metstdv>FGDC-STD-001-1998</metstdv>
		<metsi>
			<metscs>None</metscs>
			<metsc>Unclassified</metsc>
			<metshd>None</metshd>
		</metsi>
		<langmeta Sync="TRUE">en</langmeta><mettc Sync="TRUE">local time</mettc><metextns><onlink Sync="TRUE">http://www.esri.com/metadata/esriprof80.html</onlink><metprof Sync="TRUE">ESRI Metadata Profile</metprof></metextns></metainfo>
	<Esri><MetaID>{54657FAF-0132-403C-9E23-E51EDEB7F6FA}</MetaID><CreaDate>20090129</CreaDate><CreaTime>09390100</CreaTime><SyncOnce>FALSE</SyncOnce><SyncDate>20090817</SyncDate><SyncTime>13391100</SyncTime><ModDate>20090817</ModDate><ModTime>13391100</ModTime><DataProperties><lineage><Process ToolSource="C:\ArcGIS\ArcToolbox\Toolboxes\Data Management Tools.tbx\CopyFeatures" Date="20090817" Time="133913">CopyFeatures \\Igskiacwgsnas\gis_proj\b8653_dnn\Prelim_Datasets\Rio_Grande_Geodatabase_Library\Water_Resources.mdb\Surface_Water\Dams \\Igskiacwgsnas\gis_proj\b8653_dnn\Web_Mapping_Applications\Data_for_Download\Water_Resources\Surface_Water\Dams.shp # 0 0 0</Process></lineage></DataProperties></Esri><dataIdInfo><envirDesc Sync="TRUE">Microsoft Windows XP Version 5.1 (Build 2600) Service Pack 3; ESRI ArcCatalog 9.3.1.1850</envirDesc><dataLang><languageCode Sync="TRUE" value="en"></languageCode></dataLang><idCitation><resTitle Sync="TRUE">Dams</resTitle><presForm><PresFormCd Sync="TRUE" value="005"></PresFormCd></presForm></idCitation><spatRpType><SpatRepTypCd Sync="TRUE" value="001"></SpatRepTypCd></spatRpType><dataExt><geoEle><GeoBndBox esriExtentType="native"><westBL Sync="TRUE">-1125639.4659</westBL><eastBL Sync="TRUE">-235410.8528</eastBL><northBL Sync="TRUE">100912.8016</northBL><southBL Sync="TRUE">-1261117.726</southBL><exTypeCode Sync="TRUE">1</exTypeCode></GeoBndBox></geoEle></dataExt><geoBox esriExtentType="decdegrees"><westBL Sync="TRUE">-108.931395</westBL><eastBL Sync="TRUE">-98.334</eastBL><northBL Sync="TRUE">38.370295</northBL><southBL Sync="TRUE">25.562979</southBL><exTypeCode Sync="TRUE">1</exTypeCode></geoBox></dataIdInfo><mdLang><languageCode Sync="TRUE" value="en"></languageCode></mdLang><mdStanName Sync="TRUE">ISO 19115 Geographic Information - Metadata</mdStanName><mdStanVer Sync="TRUE">DIS_ESRI1.0</mdStanVer><mdChar><CharSetCd Sync="TRUE" value="004"></CharSetCd></mdChar><mdHrLv><ScopeCd Sync="TRUE" value="005"></ScopeCd></mdHrLv><mdHrLvName Sync="TRUE">dataset</mdHrLvName><distInfo><distributor><distorTran><onLineSrc><orDesc Sync="TRUE">002</orDesc><linkage Sync="TRUE">file://\\Igskiacwgsnas\gis_proj\b8653_dnn\Web_Mapping_Applications\Data_for_Download\Water_Resources\Surface_Water\Dams.shp</linkage><protocol Sync="TRUE">Local Area Network</protocol></onLineSrc><transSize Sync="TRUE">0.000</transSize></distorTran><distorFormat><formatName Sync="TRUE">Shapefile</formatName></distorFormat></distributor></distInfo><refSysInfo><RefSystem><refSysID><identCode Sync="TRUE">USA_Contiguous_Albers_Equal_Area_Conic</identCode></refSysID></RefSystem></refSysInfo><spatRepInfo><VectSpatRep><topLvl><TopoLevCd Sync="TRUE" value="001"></TopoLevCd></topLvl><geometObjs Name="Dams"><geoObjTyp><GeoObjTypCd Sync="TRUE" value="004"></GeoObjTypCd></geoObjTyp><geoObjCnt Sync="TRUE">0</geoObjCnt></geometObjs></VectSpatRep></spatRepInfo><mdDateSt Sync="TRUE">20090817</mdDateSt></metadata>
